insert into `tsys_config` (`type`, `ckey`, `cvalue`, `updater`, `update_datetime`, `remark`) values('qiniu','qiniu_access_key','Dc0pMP8ImFm78-uk4iGsOPpB2-vHc64D07OsOQVi','admin',now(),'七牛云key1');
insert into `tsys_config` (`type`, `ckey`, `cvalue`, `updater`, `update_datetime`, `remark`) values('qiniu','qiniu_secret_key','3NP-tpZP9-5fH-R-FhvKTfYpPPVFNvjFF3JXmrcq','admin',now(),'七牛云key1');
insert into `tsys_config` (`type`, `ckey`, `cvalue`, `updater`, `update_datetime`, `remark`) values('qiniu','qiniu_bucket','sdhh','admin',now(),'存储空间');
insert into `tsys_config` (`type`, `ckey`, `cvalue`, `updater`, `update_datetime`, `remark`) values('sys_txt','telephone','0571-88888888','admin',now(),'服务热线');
insert into `tsys_config` (`type`, `ckey`, `cvalue`, `updater`, `update_datetime`, `remark`) values('sys_txt','about_us','<p><img src=\"http://otoieuivb.bkt.clouddn.com/IMG_2130_1524907296779.JPG\" style=\"max-width:100%\"></p><p>关于我们</p><p><br></p>','admin',now(),'关于我们');
insert into `tsys_config` (`type`, `ckey`, `cvalue`, `updater`, `update_datetime`, `remark`) values('sys_txt','service_time','<p><span style=\"font-size: xx-large;\">9:00-17:00</span></p>','admin',now(),'服务时间');
insert into `tsys_config` (`type`, `ckey`, `cvalue`, `updater`, `update_datetime`, `remark`) values('cost','pg_amount','200000','admin','2018-06-04 16:09:32','评估费');

/*
-- Query: SELECT 
code,name,type,url,order_no,'admin' updater, now() as update_datetime,remark,parent_code,system_code 
FROM tsys_menu where code ='COINSM201700001000000001' or parent_code ='COINSM201700001000000001'
or parent_code='COINSM201700001000000001' or parent_code in (select code from tsys_menu where parent_code ='COINSM201700001000000001')
or parent_code in (select code from tsys_menu where parent_code in (select code from tsys_menu where parent_code ='COINSM201700001000000001'))
-- Date: 2018-11-09 20:16
*/
INSERT INTO `tsys_menu` (`code`,`name`,`type`,`url`,`order_no`,`updater`,`update_datetime`,`remark`,`parent_code`,`system_code`) VALUES ('CD201700000000000000','根目录','1','#','1','admin',now(),'','','CD-SJD0000025');
INSERT INTO `tsys_menu` (`code`,`name`,`type`,`url`,`order_no`,`updater`,`update_datetime`,`remark`,`parent_code`,`system_code`) VALUES ('CD201809281556563159269','数据字典管理','1','/system/dataDict.htm',2,'admin',now(),'','COINSM201700001000000002','CD-SJD0000025');
INSERT INTO `tsys_menu` (`code`,`name`,`type`,`url`,`order_no`,`updater`,`update_datetime`,`remark`,`parent_code`,`system_code`) VALUES ('CD201809281557164456982','新增','2','/add',1,'admin',now(),'','CD201809281556563159269','CD-SJD0000025');
INSERT INTO `tsys_menu` (`code`,`name`,`type`,`url`,`order_no`,`updater`,`update_datetime`,`remark`,`parent_code`,`system_code`) VALUES ('CD201809281557350347620','修改','2','/edit',2,'admin',now(),'','CD201809281556563159269','CD-SJD0000025');
INSERT INTO `tsys_menu` (`code`,`name`,`type`,`url`,`order_no`,`updater`,`update_datetime`,`remark`,`parent_code`,`system_code`) VALUES ('CD201809292005595194892','消息推送','1','#',3,'admin',now(),'','COINSM201700001000000001','CD-SJD0000025');
INSERT INTO `tsys_menu` (`code`,`name`,`type`,`url`,`order_no`,`updater`,`update_datetime`,`remark`,`parent_code`,`system_code`) VALUES ('CD201809292006538897361','公告管理','1','/public/notice.htm',1,'admin',now(),'','CD201809292005595194892','CD-SJD0000025');
INSERT INTO `tsys_menu` (`code`,`name`,`type`,`url`,`order_no`,`updater`,`update_datetime`,`remark`,`parent_code`,`system_code`) VALUES ('CD201809292102317412562','新增','2','/add',1,'admin',now(),'','CD201809292006538897361','CD-SJD0000025');
INSERT INTO `tsys_menu` (`code`,`name`,`type`,`url`,`order_no`,`updater`,`update_datetime`,`remark`,`parent_code`,`system_code`) VALUES ('CD201809292103266638972','发布','2','/edit',2,'admin',now(),'','CD201809292006538897361','CD-SJD0000025');
INSERT INTO `tsys_menu` (`code`,`name`,`type`,`url`,`order_no`,`updater`,`update_datetime`,`remark`,`parent_code`,`system_code`) VALUES ('CD201809292104078866023','撤回','2','/back',3,'admin',now(),'','CD201809292006538897361','CD-SJD0000025');
INSERT INTO `tsys_menu` (`code`,`name`,`type`,`url`,`order_no`,`updater`,`update_datetime`,`remark`,`parent_code`,`system_code`) VALUES ('CD2018101517393978183610','详情','2','/detail',4,'admin',now(),'','CD201809292006538897361','CD-SJD0000025');
INSERT INTO `tsys_menu` (`code`,`name`,`type`,`url`,`order_no`,`updater`,`update_datetime`,`remark`,`parent_code`,`system_code`) VALUES ('COINSM201700001000000001','系统管理','1','#',1,'admin',now(),'','CD201700000000000000','CD-SJD0000025');
INSERT INTO `tsys_menu` (`code`,`name`,`type`,`url`,`order_no`,`updater`,`update_datetime`,`remark`,`parent_code`,`system_code`) VALUES ('COINSM201700001000000002','运维管理','1','#',2,'admin',now(),NULL,'COINSM201700001000000001','CD-SJD0000025');
INSERT INTO `tsys_menu` (`code`,`name`,`type`,`url`,`order_no`,`updater`,`update_datetime`,`remark`,`parent_code`,`system_code`) VALUES ('COINSM201700001000000003','菜单管理','1','/system/menu.htm',1,'admin',now(),NULL,'COINSM201700001000000002','CD-SJD0000025');
INSERT INTO `tsys_menu` (`code`,`name`,`type`,`url`,`order_no`,`updater`,`update_datetime`,`remark`,`parent_code`,`system_code`) VALUES ('COINSM201700001000000004','新增','2','/add',1,'admin',now(),'','COINSM201700001000000003','CD-SJD0000025');
INSERT INTO `tsys_menu` (`code`,`name`,`type`,`url`,`order_no`,`updater`,`update_datetime`,`remark`,`parent_code`,`system_code`) VALUES ('COINSM2017032911200961325','修改','2','/edit',2,'admin',now(),'','COINSM201700001000000003','CD-SJD0000025');
INSERT INTO `tsys_menu` (`code`,`name`,`type`,`url`,`order_no`,`updater`,`update_datetime`,`remark`,`parent_code`,`system_code`) VALUES ('COINSM2017033020005366333','banner管理','1','/public/banner.htm',1,'admin',now(),'','COINSM201707251006045006005','CD-SJD0000025');
INSERT INTO `tsys_menu` (`code`,`name`,`type`,`url`,`order_no`,`updater`,`update_datetime`,`remark`,`parent_code`,`system_code`) VALUES ('COINSM2017033020015631166','新增','2','/add',1,'admin',now(),'','COINSM2017033020005366333','CD-SJD0000025');
INSERT INTO `tsys_menu` (`code`,`name`,`type`,`url`,`order_no`,`updater`,`update_datetime`,`remark`,`parent_code`,`system_code`) VALUES ('COINSM2017033020021094115','修改','2','/edit',2,'admin',now(),'','COINSM2017033020005366333','CD-SJD0000025');
INSERT INTO `tsys_menu` (`code`,`name`,`type`,`url`,`order_no`,`updater`,`update_datetime`,`remark`,`parent_code`,`system_code`) VALUES ('COINSM2017033020022649991','删除','2','/delete',3,'admin',now(),'','COINSM2017033020005366333','CD-SJD0000025');
INSERT INTO `tsys_menu` (`code`,`name`,`type`,`url`,`order_no`,`updater`,`update_datetime`,`remark`,`parent_code`,`system_code`) VALUES ('COINSM2017033020024827112','详情','2','/detail',4,'admin',now(),'','COINSM2017033020005366333','CD-SJD0000025');
INSERT INTO `tsys_menu` (`code`,`name`,`type`,`url`,`order_no`,`updater`,`update_datetime`,`remark`,`parent_code`,`system_code`) VALUES ('COINSM201707251006045006005','广告位管理','1','#',5,'admin',now(),'','COINSM201700001000000001','CD-SJD0000025');
INSERT INTO `tsys_menu` (`code`,`name`,`type`,`url`,`order_no`,`updater`,`update_datetime`,`remark`,`parent_code`,`system_code`) VALUES ('COINSM201708241024194086655','删除','2','/delete',3,'admin',now(),'','COINSM201700001000000003','CD-SJD0000025');
INSERT INTO `tsys_menu` (`code`,`name`,`type`,`url`,`order_no`,`updater`,`update_datetime`,`remark`,`parent_code`,`system_code`) VALUES ('COINSM2017101716241339082','运营管理','1','#',1,'admin',now(),'','COINSM201700001000000001','CD-SJD0000025');
INSERT INTO `tsys_menu` (`code`,`name`,`type`,`url`,`order_no`,`updater`,`update_datetime`,`remark`,`parent_code`,`system_code`) VALUES ('COINSM2017101716253866426','角色管理','1','/system/role.htm',1,'admin',now(),'','COINSM2017101716241339082','CD-SJD0000025');
INSERT INTO `tsys_menu` (`code`,`name`,`type`,`url`,`order_no`,`updater`,`update_datetime`,`remark`,`parent_code`,`system_code`) VALUES ('COINSM2017101716261754674','会员查询','1','/system/user.htm',2,'admin',now(),'','COINSM2017101716241339082','CD-SJD0000025');
INSERT INTO `tsys_menu` (`code`,`name`,`type`,`url`,`order_no`,`updater`,`update_datetime`,`remark`,`parent_code`,`system_code`) VALUES ('COINSM2017101716450533995','分配菜单','2','/change',4,'admin',now(),'','COINSM2017101716253866426','CD-SJD0000025');
INSERT INTO `tsys_menu` (`code`,`name`,`type`,`url`,`order_no`,`updater`,`update_datetime`,`remark`,`parent_code`,`system_code`) VALUES ('COINSM2017101717551955993','新增','2','/add',1,'admin',now(),'','COINSM2017101716253866426','CD-SJD0000025');
INSERT INTO `tsys_menu` (`code`,`name`,`type`,`url`,`order_no`,`updater`,`update_datetime`,`remark`,`parent_code`,`system_code`) VALUES ('COINSM2017101717560118734','修改','2','/edit',2,'admin',now(),'','COINSM2017101716253866426','CD-SJD0000025');
INSERT INTO `tsys_menu` (`code`,`name`,`type`,`url`,`order_no`,`updater`,`update_datetime`,`remark`,`parent_code`,`system_code`) VALUES ('COINSM2017101717563661357','删除','2','/delete',3,'admin',now(),'','COINSM2017101716253866426','CD-SJD0000025');
INSERT INTO `tsys_menu` (`code`,`name`,`type`,`url`,`order_no`,`updater`,`update_datetime`,`remark`,`parent_code`,`system_code`) VALUES ('COINSM2017101719082391126','新增','2','/add',1,'admin',now(),'','COINSM2017101716261754674','CD-SJD0000025');
INSERT INTO `tsys_menu` (`code`,`name`,`type`,`url`,`order_no`,`updater`,`update_datetime`,`remark`,`parent_code`,`system_code`) VALUES ('COINSM2017101719094151894','重置密码','2','/reset',2,'admin',now(),'','COINSM2017101716261754674','CD-SJD0000025');
INSERT INTO `tsys_menu` (`code`,`name`,`type`,`url`,`order_no`,`updater`,`update_datetime`,`remark`,`parent_code`,`system_code`) VALUES ('COINSM2017101719100760088','注销','2','/rock',4,'admin',now(),'','COINSM2017101716261754674','CD-SJD0000025');
INSERT INTO `tsys_menu` (`code`,`name`,`type`,`url`,`order_no`,`updater`,`update_datetime`,`remark`,`parent_code`,`system_code`) VALUES ('COINSM2017101719110981215','设置角色','2','/assign',5,'admin',now(),'','COINSM2017101716261754674','CD-SJD0000025');
INSERT INTO `tsys_menu` (`code`,`name`,`type`,`url`,`order_no`,`updater`,`update_datetime`,`remark`,`parent_code`,`system_code`) VALUES ('COINSM2017120610552303416','激活','2','/active',3,'admin',now(),'','COINSM2017101716261754674','CD-SJD0000025');
INSERT INTO `tsys_menu` (`code`,`name`,`type`,`url`,`order_no`,`updater`,`update_datetime`,`remark`,`parent_code`,`system_code`) VALUES ('COINSM2017121215543215610','文章管理','1','#',4,'admin',now(),'','COINSM201700001000000001','CD-SJD0000025');
INSERT INTO `tsys_menu` (`code`,`name`,`type`,`url`,`order_no`,`updater`,`update_datetime`,`remark`,`parent_code`,`system_code`) VALUES ('SM201711181220013316605','注册协议','1','/public/registrationAgreement.htm',1,'admin',now(),'','COINSM2017121215543215610','CD-SJD0000025');
INSERT INTO `tsys_menu` (`code`,`name`,`type`,`url`,`order_no`,`updater`,`update_datetime`,`remark`,`parent_code`,`system_code`) VALUES ('SM201711272034567989636','攻略','1','/public/strategy.htm',2,'admin',now(),'','COINSM2017121215543215610','CD-SJD0000025');

/*
-- Query: SELECT 
'RO201800000000000001' role_code, code menu_code,'admin' updater, now() as update_datetime,remark,system_code 
FROM tsys_menu where code ='COINSM201700001000000001' or parent_code ='COINSM201700001000000001'
or parent_code='COINSM201700001000000001' or parent_code in (select code from tsys_menu where parent_code ='COINSM201700001000000001')
or parent_code in (select code from tsys_menu where parent_code in (select code from tsys_menu where parent_code ='COINSM201700001000000001'))
-- Date: 2018-11-09 20:19
*/
INSERT INTO `tsys_menu_role` (`role_code`,`menu_code`,`updater`,`update_datetime`,`remark`,`parent_code`,`system_code`) VALUES ('RO201800000000000001','CD201809281556563159269','admin',now(),'','COINSM201700001000000002','CD-SJD0000025');
INSERT INTO `tsys_menu_role` (`role_code`,`menu_code`,`updater`,`update_datetime`,`remark`,`parent_code`,`system_code`) VALUES ('RO201800000000000001','CD201809281557164456982','admin',now(),'','CD201809281556563159269','CD-SJD0000025');
INSERT INTO `tsys_menu_role` (`role_code`,`menu_code`,`updater`,`update_datetime`,`remark`,`parent_code`,`system_code`) VALUES ('RO201800000000000001','CD201809281557350347620','admin',now(),'','CD201809281556563159269','CD-SJD0000025');
INSERT INTO `tsys_menu_role` (`role_code`,`menu_code`,`updater`,`update_datetime`,`remark`,`parent_code`,`system_code`) VALUES ('RO201800000000000001','CD201809292005595194892','admin',now(),'','COINSM201700001000000001','CD-SJD0000025');
INSERT INTO `tsys_menu_role` (`role_code`,`menu_code`,`updater`,`update_datetime`,`remark`,`parent_code`,`system_code`) VALUES ('RO201800000000000001','CD201809292006538897361','admin',now(),'','CD201809292005595194892','CD-SJD0000025');
INSERT INTO `tsys_menu_role` (`role_code`,`menu_code`,`updater`,`update_datetime`,`remark`,`parent_code`,`system_code`) VALUES ('RO201800000000000001','CD201809292102317412562','admin',now(),'','CD201809292006538897361','CD-SJD0000025');
INSERT INTO `tsys_menu_role` (`role_code`,`menu_code`,`updater`,`update_datetime`,`remark`,`parent_code`,`system_code`) VALUES ('RO201800000000000001','CD201809292103266638972','admin',now(),'','CD201809292006538897361','CD-SJD0000025');
INSERT INTO `tsys_menu_role` (`role_code`,`menu_code`,`updater`,`update_datetime`,`remark`,`parent_code`,`system_code`) VALUES ('RO201800000000000001','CD201809292104078866023','admin',now(),'','CD201809292006538897361','CD-SJD0000025');
INSERT INTO `tsys_menu_role` (`role_code`,`menu_code`,`updater`,`update_datetime`,`remark`,`parent_code`,`system_code`) VALUES ('RO201800000000000001','CD2018101517393978183610','admin',now(),'','CD201809292006538897361','CD-SJD0000025');
INSERT INTO `tsys_menu_role` (`role_code`,`menu_code`,`updater`,`update_datetime`,`remark`,`parent_code`,`system_code`) VALUES ('RO201800000000000001','COINSM201700001000000001','admin',now(),'','COINSM201700000000000000','CD-SJD0000025');
INSERT INTO `tsys_menu_role` (`role_code`,`menu_code`,`updater`,`update_datetime`,`remark`,`parent_code`,`system_code`) VALUES ('RO201800000000000001','COINSM201700001000000002','admin',now(),NULL,'COINSM201700001000000001','CD-SJD0000025');
INSERT INTO `tsys_menu_role` (`role_code`,`menu_code`,`updater`,`update_datetime`,`remark`,`parent_code`,`system_code`) VALUES ('RO201800000000000001','COINSM201700001000000003','admin',now(),NULL,'COINSM201700001000000002','CD-SJD0000025');
INSERT INTO `tsys_menu_role` (`role_code`,`menu_code`,`updater`,`update_datetime`,`remark`,`parent_code`,`system_code`) VALUES ('RO201800000000000001','COINSM201700001000000004','admin',now(),'','COINSM201700001000000003','CD-SJD0000025');
INSERT INTO `tsys_menu_role` (`role_code`,`menu_code`,`updater`,`update_datetime`,`remark`,`parent_code`,`system_code`) VALUES ('RO201800000000000001','COINSM2017032911200961325','admin',now(),'','COINSM201700001000000003','CD-SJD0000025');
INSERT INTO `tsys_menu_role` (`role_code`,`menu_code`,`updater`,`update_datetime`,`remark`,`parent_code`,`system_code`) VALUES ('RO201800000000000001','COINSM2017033020005366333','admin',now(),'','COINSM201707251006045006005','CD-SJD0000025');
INSERT INTO `tsys_menu_role` (`role_code`,`menu_code`,`updater`,`update_datetime`,`remark`,`parent_code`,`system_code`) VALUES ('RO201800000000000001','COINSM2017033020015631166','admin',now(),'','COINSM2017033020005366333','CD-SJD0000025');
INSERT INTO `tsys_menu_role` (`role_code`,`menu_code`,`updater`,`update_datetime`,`remark`,`parent_code`,`system_code`) VALUES ('RO201800000000000001','COINSM2017033020021094115','admin',now(),'','COINSM2017033020005366333','CD-SJD0000025');
INSERT INTO `tsys_menu_role` (`role_code`,`menu_code`,`updater`,`update_datetime`,`remark`,`parent_code`,`system_code`) VALUES ('RO201800000000000001','COINSM2017033020022649991','admin',now(),'','COINSM2017033020005366333','CD-SJD0000025');
INSERT INTO `tsys_menu_role` (`role_code`,`menu_code`,`updater`,`update_datetime`,`remark`,`parent_code`,`system_code`) VALUES ('RO201800000000000001','COINSM2017033020024827112','admin',now(),'','COINSM2017033020005366333','CD-SJD0000025');
INSERT INTO `tsys_menu_role` (`role_code`,`menu_code`,`updater`,`update_datetime`,`remark`,`parent_code`,`system_code`) VALUES ('RO201800000000000001','COINSM201707251006045006005','admin',now(),'','COINSM201700001000000001','CD-SJD0000025');
INSERT INTO `tsys_menu_role` (`role_code`,`menu_code`,`updater`,`update_datetime`,`remark`,`parent_code`,`system_code`) VALUES ('RO201800000000000001','COINSM201708241024194086655','admin',now(),'','COINSM201700001000000003','CD-SJD0000025');
INSERT INTO `tsys_menu_role` (`role_code`,`menu_code`,`updater`,`update_datetime`,`remark`,`parent_code`,`system_code`) VALUES ('RO201800000000000001','COINSM2017101716241339082','admin',now(),'','COINSM201700001000000001','CD-SJD0000025');
INSERT INTO `tsys_menu_role` (`role_code`,`menu_code`,`updater`,`update_datetime`,`remark`,`parent_code`,`system_code`) VALUES ('RO201800000000000001','COINSM2017101716253866426','admin',now(),'','COINSM2017101716241339082','CD-SJD0000025');
INSERT INTO `tsys_menu_role` (`role_code`,`menu_code`,`updater`,`update_datetime`,`remark`,`parent_code`,`system_code`) VALUES ('RO201800000000000001','COINSM2017101716261754674','admin',now(),'','COINSM2017101716241339082','CD-SJD0000025');
INSERT INTO `tsys_menu_role` (`role_code`,`menu_code`,`updater`,`update_datetime`,`remark`,`parent_code`,`system_code`) VALUES ('RO201800000000000001','COINSM2017101716450533995','admin',now(),'','COINSM2017101716253866426','CD-SJD0000025');
INSERT INTO `tsys_menu_role` (`role_code`,`menu_code`,`updater`,`update_datetime`,`remark`,`parent_code`,`system_code`) VALUES ('RO201800000000000001','COINSM2017101717551955993','admin',now(),'','COINSM2017101716253866426','CD-SJD0000025');
INSERT INTO `tsys_menu_role` (`role_code`,`menu_code`,`updater`,`update_datetime`,`remark`,`parent_code`,`system_code`) VALUES ('RO201800000000000001','COINSM2017101717560118734','admin',now(),'','COINSM2017101716253866426','CD-SJD0000025');
INSERT INTO `tsys_menu_role` (`role_code`,`menu_code`,`updater`,`update_datetime`,`remark`,`parent_code`,`system_code`) VALUES ('RO201800000000000001','COINSM2017101717563661357','admin',now(),'','COINSM2017101716253866426','CD-SJD0000025');
INSERT INTO `tsys_menu_role` (`role_code`,`menu_code`,`updater`,`update_datetime`,`remark`,`parent_code`,`system_code`) VALUES ('RO201800000000000001','COINSM2017101719082391126','admin',now(),'','COINSM2017101716261754674','CD-SJD0000025');
INSERT INTO `tsys_menu_role` (`role_code`,`menu_code`,`updater`,`update_datetime`,`remark`,`parent_code`,`system_code`) VALUES ('RO201800000000000001','COINSM2017101719094151894','admin',now(),'','COINSM2017101716261754674','CD-SJD0000025');
INSERT INTO `tsys_menu_role` (`role_code`,`menu_code`,`updater`,`update_datetime`,`remark`,`parent_code`,`system_code`) VALUES ('RO201800000000000001','COINSM2017101719100760088','admin',now(),'','COINSM2017101716261754674','CD-SJD0000025');
INSERT INTO `tsys_menu_role` (`role_code`,`menu_code`,`updater`,`update_datetime`,`remark`,`parent_code`,`system_code`) VALUES ('RO201800000000000001','COINSM2017101719110981215','admin',now(),'','COINSM2017101716261754674','CD-SJD0000025');
INSERT INTO `tsys_menu_role` (`role_code`,`menu_code`,`updater`,`update_datetime`,`remark`,`parent_code`,`system_code`) VALUES ('RO201800000000000001','COINSM2017120610552303416','admin',now(),'','COINSM2017101716261754674','CD-SJD0000025');
INSERT INTO `tsys_menu_role` (`role_code`,`menu_code`,`updater`,`update_datetime`,`remark`,`parent_code`,`system_code`) VALUES ('RO201800000000000001','COINSM2017121215543215610','admin',now(),'','COINSM201700001000000001','CD-SJD0000025');
INSERT INTO `tsys_menu_role` (`role_code`,`menu_code`,`updater`,`update_datetime`,`remark`,`parent_code`,`system_code`) VALUES ('RO201800000000000001','SM201711181220013316605','admin',now(),'','COINSM2017121215543215610','CD-SJD0000025');
INSERT INTO `tsys_menu_role` (`role_code`,`menu_code`,`updater`,`update_datetime`,`remark`,`parent_code`,`system_code`) VALUES ('RO201800000000000001','SM201711272034567989636','admin',now(),'','COINSM2017121215543215610','CD-SJD0000025');

insert into `tsys_role` (`code`, `name`, `level`, `updater`, `update_datetime`, `remark`, `system_code`) values('RO201800000000000001','超级管理员','1','admin',now(),NULL,'CD-CHH000020');

insert into `tsys_user` (`user_id`, `role_code`, `real_name`, `photo`, `mobile`, `login_name`, `login_pwd`, `login_pwd_strength`, `create_datetime`, `status`, `updater`, `update_datetime`, `remark`, `system_code`) values('USYS201800000000002','RO201800000000000001','',NULL,NULL,'admin','21218cca77804d2ba1922c33e0151105','1',NULL,'0','admin','2018-04-03 19:39:47',NULL,'');


